matched_skills,similarity_score
Consultancy 7,0.38110773515073254
Customer service support 5,0.36567584602233283
Business process improvement 5,0.3580486734177282
Deployment 4,0.35753343084237077
Systems integration and build 5,0.34250939887393017
Programme management 6,0.3392717531296557
Offensive cyber operations 6,0.3389364890035288
Offensive cyber operations 3,0.3378294032677564
Offensive cyber operations 5,0.3377460108295416
Learning and development management 5,0.336481583152645
Network support 3,0.3359513963450707
Information security 4,0.3354261195963493
Machine learning 5,0.33483659959839274
Formal research 5,0.33172388616091764
Deployment 6,0.3283316947931089
Methods and tools 5,0.32770870129438
Business intelligence 5,0.32738185661707236
Records management 3,0.32554800114545185
Solution architecture 6,0.321954429515567
Risk management 6,0.32106976794654385
Data modelling and design 5,0.3124895514315249
Configuration management 5,0.3104911360490637
Benefits management 6,0.30971816033861493
Organisational capability development 6,0.3091218268601717
Security operations 4,0.3076665978275511
Availability management 4,0.30764679073477047
Asset management 5,0.30719508660471534
Offensive cyber operations 4,0.3058614670950303
Incident management 5,0.3052904620641366
Business process improvement 3,0.30465967205394073
Software design 6,0.3033434013796141
Formal research 6,0.30281344699035695
Systems and software lifecycle engineering 6,0.30162346543953744
Identity and access management 2,0.2973379852804919
Content publishing 6,0.2967181808644291
User experience analysis 5,0.29574175264835695
Network support 4,0.2956756534972703
Specialist advice 4,0.2928094218257269
Requirements definition and management 5,0.2916654016358403
"Portfolio, programme and project support 3",0.28998698975349746
Data management 2,0.2893490446135856
Infrastructure operations 4,0.2878521763111451
Project management 7,0.28780803960278
User experience evaluation 5,0.28497683968050275
Service catalogue management 5,0.2832518456622535
Competency assessment 5,0.28271630739655706
Data engineering 2,0.2819342058891202
Change control 5,0.2801646336856535
Product management 5,0.279852570534278
Availability management 3,0.27879243372549456
Delivery management 4,0.27856178525532216
Deployment 3,0.2774336276518625
Technology service management 7,0.27709499974885843
Database administration 4,0.27694690711647735
Knowledge management 3,0.27661387612633104
Demand management 5,0.27403246909470125
Selling 5,0.2737100908159146
Asset management 3,0.2736165734986237
Application support 5,0.27175993015675787
Release management 5,0.2710983570202999
Offensive cyber operations 2,0.27073071633723106
Configuration management 4,0.26986413872531884
Service level management 6,0.26972873769575745
Identity and access management 5,0.269375901989621
Selling 4,0.2688663019244933
Data modelling and design 4,0.26850328176068106
Vulnerability research 5,0.2680808095075272
Enterprise and business architecture 5,0.2680117960411866
Technology service management 6,0.26695169174095573
Financial analysis 5,0.26658099029510124
Content publishing 4,0.26640753144247625
Programming/software development 3,0.2635991582284857
Organisational capability development 5,0.2635545124282259
User acceptance testing 4,0.26351532683957696
Data engineering 4,0.26322814548541756
Business situation analysis 5,0.2624952784416983
Knowledge management 5,0.2617626210289877
Resourcing 3,0.26040224084848657
Data modelling and design 3,0.2601715630255349
Information assurance 3,0.25996380484952053
Methods and tools 3,0.25876628362704196
System software administration 5,0.2586260592935729
Consultancy 6,0.2564855620934202
Audit 7,0.25597843943881804
Specialist advice 5,0.2545939416142534
Penetration testing 6,0.2545528500807715
Continuity management 5,0.25454574264722535
Information systems coordination 6,0.2537522616643576
Availability management 6,0.25271276423722605
Release management 2,0.2524813889821214
Service level management 4,0.252466525472039
Risk management 2,0.2524011804664947
Delivery management 3,0.25187506170948404
"Portfolio, programme and project support 6",0.2515134645948753
Information security 5,0.2505495889534542
Information assurance 2,0.2501556989676663
Business administration 5,0.2496816455158492
Digital forensics 5,0.249341917865506
Customer engagement and loyalty 4,0.24912813332691444
Animation development 5,0.24910917211050637
Bid/proposal management 4,0.2485276606727327
Data science 5,0.2480469882317299
Data science 3,0.24653235916748828
Business administration 1,0.24644289637015201
Systems development management 5,0.2463383565313202
Service acceptance 4,0.24620508712407502
Network support 5,0.24511454027486523
Vulnerability research 6,0.24438587337644754
Business administration 6,0.24437999548591086
Systems and software lifecycle engineering 3,0.2436951090699138
Stakeholder relationship management 4,0.24077641428648697
Systems development management 4,0.24061770441297262
Data management 3,0.2405820574187714
Feasibility assessment 5,0.24038086004071793
Security operations 1,0.23999194110245273
Methods and tools 2,0.23893007156276846
Storage management 3,0.2386384489655746
Radio frequency engineering 3,0.2385625421764907
User acceptance testing 5,0.2380368847569869
Resourcing 5,0.23660302388633933
Software design 3,0.23546031407800458
Identity and access management 3,0.23467117518211486
Programme management 7,0.23457112169748365
"Portfolio, programme and project support 4",0.2337542078261928
Data analytics 3,0.23290008067501622
Asset management 2,0.23247679687213935
Machine learning 2,0.2321774422695338
Resourcing 4,0.23156229056133518
Cybercrime investigation 5,0.2314518951629801
Financial management 4,0.2310582589384731
Systems development management 7,0.23098872239832793
Information management 7,0.23091458118396443
Security operations 3,0.23089796782863467
Storage management 6,0.2306314571800483
Storage management 4,0.23035376324168086
Quality assurance 6,0.2296498480534238
Project management 4,0.2284214981869767
Market research 3,0.22831560671060652
Systems design 2,0.22831134151347338
Requirements definition and management 3,0.22828334636886344
Digital marketing 2,0.22813625611102376
Safety engineering 6,0.22783524374080164
Incident management 4,0.22768904556217698
Information management 6,0.22737061358951172
Security operations 2,0.22732592003926597
Records management 5,0.22681678179346204
Knowledge management 6,0.22659710151889062
Innovation management 5,0.2265301263865366
Facilities management 5,0.22563826996606925
Learning and development management 2,0.22562324113028384
Graphic design 5,0.22528148538149823
Selling 3,0.22454278199289393
Audit 4,0.22299392103706983
Infrastructure operations 3,0.2220969204074109
Facilities management 6,0.2208249319322639
Artificial intelligence (AI) and data ethics 4,0.22075715863351622
Accessibility and inclusion 4,0.22048962725110505
Service acceptance 3,0.21981626109878263
Audit 6,0.21966495654444146
Data visualisation 2,0.21904643287512798
Configuration management 2,0.2187190880868567
Network support 1,0.2183576141752385
Quality management 5,0.21822829814148595
Business process improvement 6,0.2176175624122881
Systems design 6,0.2162251565695047
Application support 4,0.21599059402877005
Knowledge management 2,0.2153085518947004
Learning delivery 5,0.21521198893448623
Data engineering 3,0.2148316024038988
Data engineering 6,0.21429755390783725
Data management 4,0.2134581791681515
Stakeholder relationship management 5,0.21249878764256971
Product management 4,0.2124581122092867
Database design 5,0.21227094051543882
Configuration management 3,0.21145617263727215
Database administration 3,0.20944733465257465
Resourcing 6,0.2091255286541202
Safety engineering 5,0.20865324995939966
Risk management 3,0.20717149261621876
Quality assurance 4,0.20619916542394037
Supplier management 5,0.20570013783223767
Quality management 2,0.20544761739062664
Continuity management 2,0.20530841504939074
Organisational change management 3,0.20526602130242397
Sourcing 5,0.2050397489987419
Service level management 5,0.20437392500521903
Resourcing 2,0.20427045336872335
Data analytics 5,0.20407298584671152
Release management 3,0.20407215135760012
Organisational change management 2,0.20403482542599752
Audit 2,0.20291477165115415
Workforce planning 4,0.2026293329065242
Competency assessment 3,0.202550871042126
User research 4,0.20229228129024557
Vulnerability research 4,0.20164687545890042
Penetration testing 5,0.20151720665026632
Database design 2,0.20136005186370712
Information assurance 4,0.20061885361761678
